{
  "type": "minecraft:entity",
  "pools": [
    {
      "entries": [
        {
          "type": "minecraft:loot_table",
          "value": "minecraft:entities/skeleton"
        }
      ],
      "rolls": 1
    },
    {
      "rolls": 1,
      "entries": [
        {
          "type": "minecraft:loot_table",
          "value": "uncommon_enemy:level-4/common_drop"
        }
      ]
    },
    {
      "rolls": {
        "type": "minecraft:constant",
        "value": 1
      },
      "entries": [
        {
          "type": "minecraft:item",
          "name": "bow",
          "weight": 7
        },
        {
          "type": "minecraft:item",
          "name": "crossbow",
          "weight": 3
        }
      ],
      "functions": [
        {
          "function": "minecraft:set_damage",
          "damage": {
            "min": 0.4,
            "max": 0.7
          }
        },
        {
          "function": "minecraft:enchant_with_levels",
          "levels": {
            "min": 16,
            "max": 30
          }
        }
      ],
      "conditions": [
        {
          "condition": "minecraft:random_chance",
          "chance": 1.0
        },
        {
          "condition": "minecraft:killed_by_player"
        }
      ]
    }
  ],
  "random_sequence": "minecraft:entities/skeleton"
}