{
  "type": "minecraft:entity",
  "pools": [
    {
      "entries": [
        {
          "type": "minecraft:loot_table",
          "value": "minecraft:entities/spider"
        }
      ],
      "rolls": 1
    },
    {
      "rolls": 1,
      "entries": [
        {
          "type": "minecraft:loot_table",
          "value": "uncommon_enemy:level-4/common_drop"
        }
      ]
    },
    {
      "rolls": {
        "type": "minecraft:constant",
        "value": 2
      },
      "entries": [
        {
          "type": "minecraft:item",
          "name": "iron_helmet",
          "weight": 4
        },
        {
          "type": "minecraft:item",
          "name": "diamond_helmet",
          "weight": 6
        },
        {
          "type": "minecraft:item",
          "name": "iron_chestplate",
          "weight": 4
        },
        {
          "type": "minecraft:item",
          "name": "diamond_chestplate",
          "weight": 6
        },
        {
          "type": "minecraft:item",
          "name": "iron_leggings",
          "weight": 4
        },
        {
          "type": "minecraft:item",
          "name": "diamond_leggings",
          "weight": 6
        },
        {
          "type": "minecraft:item",
          "name": "iron_boots",
          "weight": 4
        },
        {
          "type": "minecraft:item",
          "name": "diamond_boots",
          "weight": 6
        }
      ],
      "functions": [
        {
          "function": "minecraft:set_damage",
          "damage": {
            "min": 0.4,
            "max": 0.7
          }
        },
        {
          "function": "minecraft:enchant_with_levels",
          "levels": {
            "min": 1,
            "max": 30
          }
        }
      ],
      "conditions": [
        {
          "condition": "minecraft:random_chance",
          "chance": 1
        },
        {
          "condition": "minecraft:killed_by_player"
        }
      ]
    }
  ],
  "random_sequence": "minecraft:entities/spider"
}