{
  "display": {
    "icon": {
      "id": "minecraft:gunpowder"
    },
    "title": "クリーパー - ゴールドレベル",
    "description": "ステップで距離を詰めてから爆発する。 また、爆発は通常よりも強力。",
    "announce_to_chat": false,
    "hidden": true
  },
  "parent": "uncommon_enemy:gold/skeleton",
  "criteria": {
    "conditions": {
      "trigger": "minecraft:player_killed_entity",
      "conditions": {
        "entity": [
          {
            "condition": "minecraft:entity_properties",
            "entity": "this",
            "predicate": {
              "type": "creeper"
            }
          },
          {
            "condition": "minecraft:entity_scores",
            "entity": "this",
            "scores": {
              "uncommon_enemy_level": 3
            }
          }
        ]
      }
    }
  }
}