{
  "display": {
    "icon": {
      "id": "minecraft:bone"
    },
    "title": "スケルトン - ゴールドレベル",
    "description": "ゆっくりと移動しながら矢を連射する。",
    "announce_to_chat": false,
    "hidden": true
  },
  "parent": "uncommon_enemy:gold/zombie",
  "criteria": {
    "conditions": {
      "trigger": "minecraft:player_killed_entity",
      "conditions": {
        "entity": [
          {
            "condition": "minecraft:entity_properties",
            "entity": "this",
            "predicate": {
              "type": "#uncommon_enemy:skeletons"
            }
          },
          {
            "condition": "minecraft:entity_scores",
            "entity": "this",
            "scores": {
              "uncommon_enemy_level": 3
            }
          }
        ]
      }
    }
  }
}