{
  "display": {
    "icon": {
      "id": "minecraft:spider_eye"
    },
    "title": "クモ - ゴールドレベル",
    "description": "クモの巣を設置し、触れたプレイヤーの移動速度と採掘速度を低下させる。 また、プレイヤーをクモの巣に引っ掛けている間は攻撃力と移動速度が上昇する。",
    "announce_to_chat": false,
    "hidden": true
  },
  "parent": "uncommon_enemy:gold/creeper",
  "criteria": {
    "conditions": {
      "trigger": "minecraft:player_killed_entity",
      "conditions": {
        "entity": [
          {
            "condition": "minecraft:entity_properties",
            "entity": "this",
            "predicate": {
              "type": "spider"
            }
          },
          {
            "condition": "minecraft:entity_scores",
            "entity": "this",
            "scores": {
              "uncommon_enemy_level": 3
            }
          }
        ]
      }
    }
  }
}