{
  "display": {
    "icon": {
      "id": "minecraft:rotten_flesh"
    },
    "title": "ゾンビ - ゴールドレベル",
    "description": "ジャンプにより、高い位置にいるプレイヤーへの攻撃や回り込みが可能。 陸上ではステップを駆使して攻撃するが、水中でも高い機動力を発揮する。",
    "announce_to_chat": false,
    "hidden": true
  },
  "parent": "uncommon_enemy:gold",
  "criteria": {
    "conditions": {
      "trigger": "minecraft:player_killed_entity",
      "conditions": {
        "entity": [
          {
            "condition": "minecraft:entity_properties",
            "entity": "this",
            "predicate": {
              "type": "#uncommon_enemy:zombies"
            }
          },
          {
            "condition": "minecraft:entity_scores",
            "entity": "this",
            "scores": {
              "uncommon_enemy_level": 3
            }
          }
        ]
      }
    }
  }
}