{
  "display": {
    "icon": {
      "id": "minecraft:gold_ingot"
    },
    "title": "ゴールドレベル",
    "description": "アイアンレベルのモンスターよりも大きく強化されたもの。 低確率でレアな鉱石をドロップするほか、エンチャントの本もドロップすることがある。",
    "show_toast": false,
    "announce_to_chat": false,
    "hidden": true
  },
  "parent": "uncommon_enemy:root",
  "criteria": {
    "conditions": {
      "trigger": "minecraft:player_killed_entity",
      "conditions": {
        "entity": [
          {
            "condition": "minecraft:entity_properties",
            "entity": "this",
            "predicate": {
              "type": "#uncommon_enemy:spawn_plus_enemy"
            }
          },
          {
            "condition": "minecraft:entity_scores",
            "entity": "this",
            "scores": {
              "uncommon_enemy_level": 3
            }
          }
        ]
      }
    }
  }
}