{
  "display": {
    "icon": {
      "id": "minecraft:iron_sword",
      "components": {
        "minecraft:enchantments": {
          "minecraft:unbreaking": 1
        }
      }
    },
    "title": "Uncommon Enemy",
    "description": "一部のモンスターが低確率で「普通ではない」状態でスポーンするようになる。 アイアン・ゴールド・ダイヤモンドの3レベルに分かれており、パーティクルによって見分けることができる。 倒すとそのレベルに応じてさまざまなアイテムを入手できる。",
    "background": "minecraft:block/deepslate_top",
    "show_toast": false,
    "announce_to_chat": false
  },
  "criteria": {
    "conditions": {
      "trigger": "minecraft:player_killed_entity",
      "conditions": {
        "entity": [
          {
            "condition": "minecraft:entity_properties",
            "entity": "this",
            "predicate": {
              "type": "#uncommon_enemy:spawn_plus_enemy"
            }
          },
          {
            "condition": "minecraft:entity_scores",
            "entity": "this",
            "scores": {
              "uncommon_enemy_level": {
                "min": 2,
                "max": 4
              }
            }
          }
        ]
      }
    }
  }
}