{
  "display": {
    "icon": {
      "id": "minecraft:iron_sword",
      "components": {
        "minecraft:enchantments": {
          "minecraft:unbreaking": 1
        }
      }
    },
    "title": "Uncommon Enemy",
    "description": "一部のモンスターが低確率で「普通ではない」状態でスポーンするようになる。 アイアン・ゴールド・ダイヤモンドの3レベルに分かれており、パーティクルによって見分けることができる。 倒すとそのレベルに応じてさまざまなアイテムを入手できる。",
    "background": "minecraft:block/deepslate_top",
    "show_toast": false,
    "announce_to_chat": false
  },
  "criteria": {
    "conditions": {
      "trigger": "minecraft:tick"
    }
  },
  "rewards": {
    "function": "uncommon_enemy:world/first_message"
  }
}