{
  "type": "minecraft:entity",
  "pools": [
    {
      "entries": [
        {
          "type": "minecraft:loot_table",
          "value": "minecraft:entities/zombie"
        }
      ],
      "rolls": 1
    },
    {
      "rolls": 1,
      "entries": [
        {
          "type": "minecraft:loot_table",
          "value": "uncommon_enemy:level-2/common_drop"
        }
      ]
    },
    {
      "rolls": {
        "type": "minecraft:constant",
        "value": 1
      },
      "entries": [
        {
          "type": "minecraft:item",
          "name": "stone_sword",
          "weight": 6
        },
        {
          "type": "minecraft:item",
          "name": "iron_sword",
          "weight": 4
        },
        {
          "type": "minecraft:item",
          "name": "stone_axe",
          "weight": 6
        },
        {
          "type": "minecraft:item",
          "name": "iron_axe",
          "weight": 4
        }
      ],
      "functions": [
        {
          "function": "minecraft:set_damage",
          "damage": {
            "min": 0,
            "max": 0.5
          }
        },
        {
          "function": "minecraft:enchant_with_levels",
          "levels": {
            "min": 1,
            "max": 5
          },
          "conditions": [
            {
              "condition": "minecraft:random_chance",
              "chance": 0.50
            }
          ]
        }
      ],
      "conditions": [
        {
          "condition": "minecraft:random_chance",
          "chance": 0.20
        },
        {
          "condition": "minecraft:killed_by_player"
        }
      ]
    }
  ],
  "random_sequence": "minecraft:entities/zombie"
}