{
  "display": {
    "icon": {
      "id": "minecraft:gunpowder"
    },
    "title": "クリーパー - アイアンレベル",
    "description": "プレイヤーが遠くにいるときに高速で接近しようとする。 また、ステップインで距離を詰める。",
    "announce_to_chat": false,
    "hidden": true
  },
  "parent": "uncommon_enemy:iron/skeleton",
  "criteria": {
    "conditions": {
      "trigger": "minecraft:player_killed_entity",
      "conditions": {
        "entity": [
          {
            "condition": "minecraft:entity_properties",
            "entity": "this",
            "predicate": {
              "type": "creeper"
            }
          },
          {
            "condition": "minecraft:entity_scores",
            "entity": "this",
            "scores": {
              "uncommon_enemy_level": 2
            }
          }
        ]
      }
    }
  }
}