{
  "display": {
    "icon": {
      "id": "minecraft:bone"
    },
    "title": "スケルトン - アイアンレベル",
    "description": "プレイヤーとの距離が近くなると、バックステップをする。 ストレイやボグドも同様。",
    "announce_to_chat": false,
    "hidden": true
  },
  "parent": "uncommon_enemy:iron/zombie",
  "criteria": {
    "conditions": {
      "trigger": "minecraft:player_killed_entity",
      "conditions": {
        "entity": [
          {
            "condition": "minecraft:entity_properties",
            "entity": "this",
            "predicate": {
              "type": "#uncommon_enemy:skeletons"
            }
          },
          {
            "condition": "minecraft:entity_scores",
            "entity": "this",
            "scores": {
              "uncommon_enemy_level": 2
            }
          }
        ]
      }
    }
  }
}