{
  "display": {
    "icon": {
      "id": "minecraft:spider_eye"
    },
    "title": "クモ - アイアンレベル",
    "description": "時折、地面を強く蹴ってプレイヤーに突進し、大ダメージを与える。",
    "announce_to_chat": false,
    "hidden": true
  },
  "parent": "uncommon_enemy:iron/creeper",
  "criteria": {
    "conditions": {
      "trigger": "minecraft:player_killed_entity",
      "conditions": {
        "entity": [
          {
            "condition": "minecraft:entity_properties",
            "entity": "this",
            "predicate": {
              "type": "spider"
            }
          },
          {
            "condition": "minecraft:entity_scores",
            "entity": "this",
            "scores": {
              "uncommon_enemy_level": 2
            }
          }
        ]
      }
    }
  }
}