{
  "display": {
    "icon": {
      "id": "minecraft:rotten_flesh"
    },
    "title": "ゾンビ - アイアンレベル",
    "description": "時折、プレイヤーへの飛びかかりやダッシュを用いて距離を詰める。 ハスクも同様。",
    "announce_to_chat": false,
    "hidden": true
  },
  "parent": "uncommon_enemy:iron",
  "criteria": {
    "conditions": {
      "trigger": "minecraft:player_killed_entity",
      "conditions": {
        "entity": [
          {
            "condition": "minecraft:entity_properties",
            "entity": "this",
            "predicate": {
              "type": "#uncommon_enemy:zombies"
            }
          },
          {
            "condition": "minecraft:entity_scores",
            "entity": "this",
            "scores": {
              "uncommon_enemy_level": 2
            }
          }
        ]
      }
    }
  }
}