{
  "display": {
    "icon": {
      "id": "minecraft:gunpowder"
    },
    "title": "クリーパー - ダイヤモンドレベル",
    "description": "体力が減少するとベビークリーパーを召喚する。 召喚されたベビークリーパーは、ダメージを受けると起爆する。",
    "announce_to_chat": false,
    "hidden": true
  },
  "parent": "uncommon_enemy:diamond/skeleton",
  "criteria": {
    "conditions": {
      "trigger": "minecraft:player_killed_entity",
      "conditions": {
        "entity": [
          {
            "condition": "minecraft:entity_properties",
            "entity": "this",
            "predicate": {
              "type": "creeper"
            }
          },
          {
            "condition": "minecraft:entity_scores",
            "entity": "this",
            "scores": {
              "uncommon_enemy_level": 4
            }
          }
        ]
      }
    }
  }
}