{
  "display": {
    "icon": {
      "id": "minecraft:bone"
    },
    "title": "スケルトン - ダイヤモンドレベル",
    "description": "発射する矢が地形に当たると爆発を起こす。 破壊の限りを尽くすこのモンスターとは、地上で出会ってはいけない。",
    "announce_to_chat": false,
    "hidden": true
  },
  "parent": "uncommon_enemy:diamond/zombie",
  "criteria": {
    "conditions": {
      "trigger": "minecraft:player_killed_entity",
      "conditions": {
        "entity": [
          {
            "condition": "minecraft:entity_properties",
            "entity": "this",
            "predicate": {
              "type": "#uncommon_enemy:skeletons"
            }
          },
          {
            "condition": "minecraft:entity_scores",
            "entity": "this",
            "scores": {
              "uncommon_enemy_level": 4
            }
          }
        ]
      }
    }
  }
}