{
  "display": {
    "icon": {
      "id": "minecraft:spider_eye"
    },
    "title": "クモ - ダイヤモンドレベル",
    "description": "高い攻撃力と移動速度を持ち、飛びかかりとバックステップでプレイヤーを翻弄する。 これらの能力は赤いパーティクルが出ているときに発揮される。 つまり、赤いパーティクルが出ない条件で戦うことができれば...？",
    "announce_to_chat": false,
    "hidden": true
  },
  "parent": "uncommon_enemy:diamond/creeper",
  "criteria": {
    "conditions": {
      "trigger": "minecraft:player_killed_entity",
      "conditions": {
        "entity": [
          {
            "condition": "minecraft:entity_properties",
            "entity": "this",
            "predicate": {
              "type": "spider"
            }
          },
          {
            "condition": "minecraft:entity_scores",
            "entity": "this",
            "scores": {
              "uncommon_enemy_level": 4
            }
          }
        ]
      }
    }
  }
}