{
  "display": {
    "icon": {
      "id": "minecraft:rotten_flesh"
    },
    "title": "ゾンビ - ダイヤモンドレベル",
    "description": "衝撃波やジャンプ、ダッシュ、連続ステップ、爆破などといった多様な行動を持つことから、 もはや中ボスともいえるモンスター。",
    "announce_to_chat": false,
    "hidden": true
  },
  "parent": "uncommon_enemy:diamond",
  "criteria": {
    "conditions": {
      "trigger": "minecraft:player_killed_entity",
      "conditions": {
        "entity": [
          {
            "condition": "minecraft:entity_properties",
            "entity": "this",
            "predicate": {
              "type": "#uncommon_enemy:zombies"
            }
          },
          {
            "condition": "minecraft:entity_scores",
            "entity": "this",
            "scores": {
              "uncommon_enemy_level": 4
            }
          }
        ]
      }
    }
  }
}